<?xml version='1.1' encoding='UTF-8'?>
<org.jvnet.hudson.plugins.thinbackup.backup.PluginList plugin="thinBackup@2.1.1">
  <plugins>
    <entry>
      <string>mina-sshd-api-core</string>
      <string>2.14.0-138.v6341ee58e1df</string>
    </entry>
    <entry>
      <string>snakeyaml-api</string>
      <string>2.3-123.v13484c65210a_</string>
    </entry>
    <entry>
      <string>pipeline-github-lib</string>
      <string>61.v629f2cc41d83</string>
    </entry>
    <entry>
      <string>workflow-multibranch</string>
      <string>795.ve0cb_1f45ca_9a_</string>
    </entry>
    <entry>
      <string>docker-workflow</string>
      <string>580.vc0c340686b_54</string>
    </entry>
    <entry>
      <string>pipeline-stage-tags-metadata</string>
      <string>2.2218.v56d0cda_37c72</string>
    </entry>
    <entry>
      <string>javax-activation-api</string>
      <string>1.2.0-7</string>
    </entry>
    <entry>
      <string>git-client</string>
      <string>6.1.1</string>
    </entry>
    <entry>
      <string>scm-api</string>
      <string>703.v72ff4b_259600</string>
    </entry>
    <entry>
      <string>commons-compress-api</string>
      <string>1.26.1-2</string>
    </entry>
    <entry>
      <string>pipeline-stage-step</string>
      <string>312.v8cd10304c27a_</string>
    </entry>
    <entry>
      <string>email-ext</string>
      <string>1866.v14fa_6d201654</string>
    </entry>
    <entry>
      <string>github</string>
      <string>1.40.0</string>
    </entry>
    <entry>
      <string>mailer</string>
      <string>489.vd4b_25144138f</string>
    </entry>
    <entry>
      <string>jackson2-api</string>
      <string>2.17.0-379.v02de8ec9f64c</string>
    </entry>
    <entry>
      <string>workflow-scm-step</string>
      <string>427.v4ca_6512e7df1</string>
    </entry>
    <entry>
      <string>jakarta-mail-api</string>
      <string>2.1.3-1</string>
    </entry>
    <entry>
      <string>ws-cleanup</string>
      <string>0.48</string>
    </entry>
    <entry>
      <string>token-macro</string>
      <string>400.v35420b_922dcb_</string>
    </entry>
    <entry>
      <string>thinBackup</string>
      <string>2.1.1</string>
    </entry>
    <entry>
      <string>metrics</string>
      <string>4.2.21-458.vcf496cb_839e4</string>
    </entry>
    <entry>
      <string>okhttp-api</string>
      <string>4.11.0-183.va_87fc7a_89810</string>
    </entry>
    <entry>
      <string>cloud-stats</string>
      <string>336.v788e4055508b_</string>
    </entry>
    <entry>
      <string>pipeline-build-step</string>
      <string>540.vb_e8849e1a_b_d8</string>
    </entry>
    <entry>
      <string>pipeline-stage-view</string>
      <string>2.34</string>
    </entry>
    <entry>
      <string>pipeline-model-definition</string>
      <string>2.2218.v56d0cda_37c72</string>
    </entry>
    <entry>
      <string>asm-api</string>
      <string>9.7.1-97.v4cc844130d97</string>
    </entry>
    <entry>
      <string>instance-identity</string>
      <string>201.vd2a_b_5a_468a_a_6</string>
    </entry>
    <entry>
      <string>resource-disposer</string>
      <string>0.25</string>
    </entry>
    <entry>
      <string>bouncycastle-api</string>
      <string>2.30.1.80-256.vf98926042a_9b_</string>
    </entry>
    <entry>
      <string>jaxb</string>
      <string>2.3.9-1</string>
    </entry>
    <entry>
      <string>docker-commons</string>
      <string>445.v6b_646c962a_94</string>
    </entry>
    <entry>
      <string>pam-auth</string>
      <string>1.11</string>
    </entry>
    <entry>
      <string>workflow-durable-task-step</string>
      <string>1400.v7a_fd50a_091de</string>
    </entry>
    <entry>
      <string>pipeline-graph-view</string>
      <string>401.v99b_6582132f4</string>
    </entry>
    <entry>
      <string>ssh-credentials</string>
      <string>349.vb_8b_6b_9709f5b_</string>
    </entry>
    <entry>
      <string>workflow-basic-steps</string>
      <string>1058.vcb_fc1e3a_21a_9</string>
    </entry>
    <entry>
      <string>workflow-job</string>
      <string>1498.v33a_0c6f3a_4b_4</string>
    </entry>
    <entry>
      <string>github-api</string>
      <string>1.321-478.vc9ce627ce001</string>
    </entry>
    <entry>
      <string>echarts-api</string>
      <string>5.5.1-5</string>
    </entry>
    <entry>
      <string>apache-httpcomponents-client-5-api</string>
      <string>5.4-135.v4da_349961256</string>
    </entry>
    <entry>
      <string>workflow-cps</string>
      <string>4009.v0089238351a_9</string>
    </entry>
    <entry>
      <string>matrix-auth</string>
      <string>3.2.3</string>
    </entry>
    <entry>
      <string>gradle</string>
      <string>2.14</string>
    </entry>
    <entry>
      <string>jjwt-api</string>
      <string>0.11.5-112.ve82dfb_224b_a_d</string>
    </entry>
    <entry>
      <string>ionicons-api</string>
      <string>74.v93d5eb_813d5f</string>
    </entry>
    <entry>
      <string>script-security</string>
      <string>1369.v9b_98a_4e95b_2d</string>
    </entry>
    <entry>
      <string>json-api</string>
      <string>20250107-125.v28b_a_ffa_eb_f01</string>
    </entry>
    <entry>
      <string>pipeline-milestone-step</string>
      <string>119.vdfdc43fc3b_9a_</string>
    </entry>
    <entry>
      <string>jakarta-activation-api</string>
      <string>2.1.3-1</string>
    </entry>
    <entry>
      <string>gson-api</string>
      <string>2.11.0-85.v1f4e87273c33</string>
    </entry>
    <entry>
      <string>trilead-api</string>
      <string>2.147.vb_73cc728a_32e</string>
    </entry>
    <entry>
      <string>commons-text-api</string>
      <string>1.13.0-153.v91dcd89e2a_22</string>
    </entry>
    <entry>
      <string>eddsa-api</string>
      <string>0.3.0-4.v84c6f0f4969e</string>
    </entry>
    <entry>
      <string>joda-time-api</string>
      <string>2.13.0-93.v9934da_29b_a_e9</string>
    </entry>
    <entry>
      <string>ldap</string>
      <string>770.vb_455e934581a_</string>
    </entry>
    <entry>
      <string>plugin-util-api</string>
      <string>5.1.0</string>
    </entry>
    <entry>
      <string>variant</string>
      <string>60.v7290fc0eb_b_cd</string>
    </entry>
    <entry>
      <string>font-awesome-api</string>
      <string>6.6.0-2</string>
    </entry>
    <entry>
      <string>pipeline-model-extensions</string>
      <string>2.2218.v56d0cda_37c72</string>
    </entry>
    <entry>
      <string>pipeline-groovy-lib</string>
      <string>749.v70084559234a_</string>
    </entry>
    <entry>
      <string>workflow-support</string>
      <string>943.v8b_0d01a_7b_a_08</string>
    </entry>
    <entry>
      <string>checks-api</string>
      <string>2.2.1</string>
    </entry>
    <entry>
      <string>antisamy-markup-formatter</string>
      <string>162.v0e6ec0fcfcf6</string>
    </entry>
    <entry>
      <string>pipeline-rest-api</string>
      <string>2.34</string>
    </entry>
    <entry>
      <string>pipeline-model-api</string>
      <string>2.2218.v56d0cda_37c72</string>
    </entry>
    <entry>
      <string>pipeline-input-step</string>
      <string>508.v584c0e9a_2177</string>
    </entry>
    <entry>
      <string>jquery3-api</string>
      <string>3.7.1-2</string>
    </entry>
    <entry>
      <string>credentials-binding</string>
      <string>687.v619cb_15e923f</string>
    </entry>
    <entry>
      <string>workflow-aggregator</string>
      <string>600.vb_57cdd26fdd7</string>
    </entry>
    <entry>
      <string>credentials</string>
      <string>1405.vb_cda_74a_f8974</string>
    </entry>
    <entry>
      <string>mina-sshd-api-common</string>
      <string>2.14.0-138.v6341ee58e1df</string>
    </entry>
    <entry>
      <string>caffeine-api</string>
      <string>3.1.8-133.v17b_1ff2e0599</string>
    </entry>
    <entry>
      <string>workflow-step-api</string>
      <string>678.v3ee58b_469476</string>
    </entry>
    <entry>
      <string>plain-credentials</string>
      <string>183.va_de8f1dd5a_2b_</string>
    </entry>
    <entry>
      <string>dark-theme</string>
      <string>514.va_3ea_73d65dc1</string>
    </entry>
    <entry>
      <string>matrix-project</string>
      <string>845.vffd7fa_f27555</string>
    </entry>
    <entry>
      <string>theme-manager</string>
      <string>276.vdec9cf04f928</string>
    </entry>
    <entry>
      <string>git</string>
      <string>5.7.0</string>
    </entry>
    <entry>
      <string>authentication-tokens</string>
      <string>1.119.v50285141b_7e1</string>
    </entry>
    <entry>
      <string>bootstrap5-api</string>
      <string>5.3.3-1</string>
    </entry>
    <entry>
      <string>cloudbees-folder</string>
      <string>6.980.v5a_cc0cb_25881</string>
    </entry>
    <entry>
      <string>durable-task</string>
      <string>581.v299a_5609d767</string>
    </entry>
    <entry>
      <string>docker-plugin</string>
      <string>1.7.0</string>
    </entry>
    <entry>
      <string>timestamper</string>
      <string>1.28</string>
    </entry>
    <entry>
      <string>junit</string>
      <string>1312.v1a_235a_b_94a_31</string>
    </entry>
    <entry>
      <string>pipeline-graph-analysis</string>
      <string>216.vfd8b_ece330ca_</string>
    </entry>
    <entry>
      <string>apache-httpcomponents-client-4-api</string>
      <string>4.5.14-208.v438351942757</string>
    </entry>
    <entry>
      <string>structs</string>
      <string>338.v848422169819</string>
    </entry>
    <entry>
      <string>ant</string>
      <string>511.v0a_a_1a_334f41b_</string>
    </entry>
    <entry>
      <string>ssh-slaves</string>
      <string>3.1021.va_cc11b_de26a_e</string>
    </entry>
    <entry>
      <string>commons-lang3-api</string>
      <string>3.17.0-84.vb_b_938040b_078</string>
    </entry>
    <entry>
      <string>display-url-api</string>
      <string>2.209.v582ed814ff2f</string>
    </entry>
    <entry>
      <string>json-path-api</string>
      <string>2.9.0-118.v7f23ed82a_8b_8</string>
    </entry>
    <entry>
      <string>branch-api</string>
      <string>2.1208.vf528356feca_4</string>
    </entry>
    <entry>
      <string>workflow-api</string>
      <string>1358.vfb_5780da_64cb_</string>
    </entry>
    <entry>
      <string>docker-java-api</string>
      <string>3.4.1-96.v77147a_de67f8</string>
    </entry>
  </plugins>
  <pluginsXml>/var/jenkins_home/backup/FULL-2025-01-24_16-10/installedPlugins.xml</pluginsXml>
</org.jvnet.hudson.plugins.thinbackup.backup.PluginList>