<?xml version='1.1' encoding='UTF-8'?>
<scriptApproval plugin="script-security@1369.v9b_98a_4e95b_2d">
  <approvedScriptHashes>
    <string>SHA512:d7c0fee0acfe43227a157b88477da73744b6f96562aa78c92a167893caa0f5fa5433a7159bec6f610f6d7b562f1497d5f71a9ab867a5e206a2cac677a3f7fedb</string>
  </approvedScriptHashes>
  <approvedSignatures/>
  <aclApprovedSignatures/>
  <approvedClasspathEntries/>
  <forceSandbox>false</forceSandbox>
  <pendingScripts>
    <pendingScript>
      <context>
        <user>ahmad</user>
        <item>terraform-destroy</item>
        <key>terraform-destroy</key>
      </context>
      <script>pipeline {
    agent any  // Run on any available agent
    
    stages {
        stage(&apos;Checkout&apos;) {
            steps {
                // Clone the Git repository containing your Terraform code
                git &apos;https://github.com/AhmadBenMaallem/terraform-docker.git&apos;
                
            }
        }
        
        stage(&apos;Terraform destroy&apos;) {
            steps {
                script {
                     dir(&apos;wordpress-mysql&apos;) {
                        // Initialize Terraform (downloads necessary provider plugins, etc.)
                        sh &apos;terraform destroy&apos;
                    }
                    
                }
            }
        }
        
       
    post {
        success {
            echo &quot;Terraform execution successful!&quot;
        }
        failure {
            echo &quot;Terraform execution failed.&quot;
        }
        always {
            echo &quot;Cleaning up Terraform workspace...&quot;
            sh &apos;terraform workspace list&apos;  // Example cleanup step, if needed
        }
    }
}
</script>
      <language>groovy</language>
    </pendingScript>
    <pendingScript>
      <context>
        <user>ahmad</user>
        <item>Manage containers</item>
        <key>Manage containers</key>
      </context>
      <script>pipeline {
    agent any  // Use any available agent

    stages {

        stage(&apos;Stop Docker Container&apos;) {
            steps {
                script {
                  
                   sh &apos;docker stop $(docker ps -q --filter &quot;name=^((?!jenkins).)*$&quot;)&apos;

                }
            }
        }
    }

    post {
        always {
            echo &apos;Stop All container&apos;
        }
    }
}
</script>
      <language>groovy</language>
    </pendingScript>
  </pendingScripts>
  <pendingSignatures/>
  <pendingClasspathEntries/>
</scriptApproval>